time;input;output
0.0;0;0.2
0.2;0;0.2
0.4;0;0.2
0.6;0;0.2
0.8;0;0.2
1.0;0;0.2
1.2;0;0.2
1.4;0;0.2
1.6;0;0.2
1.8;0;0.2
2.0;0;0.2
2.2;0;0.2
2.4;0;0.2
2.6;0;0.2
2.8;0;0.2
3.0;0;0.2
3.2;0;0.2
3.4;0;0.2
3.6;0;0.2
3.8;0;0.2
4.0;0;0.2
4.2;0;0.2
4.4;0;0.2
4.6;0;0.2
4.8;0;0.2
5.0;0;0.2
5.2;0;0.2
5.4;0;0.2
5.6;0;0.2
5.8;0;0.2
6.0;0;0.2
6.2;0;0.2
6.4;0;0.2
6.6;0;0.2
6.8;0;0.2
7.0;0;0.2
7.2;0;0.2
7.4;0;0.2
7.6;0;0.2
7.8;0;0.2
8.0;0;0.2
8.2;0;0.2
8.4;0;0.2
8.6;0;0.2
8.8;0;0.2
9.0;0;0.2
9.2;0;0.2
9.4;0;0.2
9.6;0;0.2
9.8;0;0.2
10.0;1;0.2
10.2;1;0.2
10.4;1;0.2
10.6;1;0.2
10.8;1;0.2
11.0;1;0.2
11.2;1;0.2
11.4;1;0.2
11.6;1;0.2
11.8;1;0.2
12.0;1;0.2
12.2;1;0.209876035189
12.4;1;0.2195082302
12.6;1;0.228902605469
12.8;1;0.238065032786
13.0;1;0.247001238966
13.2;1;0.25571680943
13.4;1;0.264217191692
13.6;1;0.272507698769
13.8;1;0.280593512496
14.0;1;0.288479686771
14.2;1;0.29617115071
14.4;1;0.303672711727
14.6;1;0.310989058543
14.8;1;0.318124764113
15.0;1;0.325084288484
15.2;1;0.331871981586
15.4;1;0.338492085948
15.6;1;0.344948739351
15.8;1;0.351245977414
16.0;1;0.357387736115
16.2;1;0.363377854253
16.4;1;0.369220075848
16.6;1;0.374918052477
16.8;1;0.380475345562
17.0;1;0.385895428592
17.2;1;0.391181689296
17.4;1;0.396337431757
17.6;1;0.401365878483
17.8;1;0.406270172418
18.0;1;0.411053378904
18.2;1;0.4157184876
18.4;1;0.420268414353
18.6;1;0.424706003014
18.8;1;0.429034027221
19.0;1;0.433255192129
19.2;1;0.437372136104
19.4;1;0.44138743237
19.6;1;0.445303590618
19.8;1;0.449123058575
20.0;1;0.452848223531
20.2;1;0.456481413838
20.4;1;0.460024900356
20.6;1;0.46348089788
20.8;1;0.466851566521
21.0;1;0.470139013057
21.2;1;0.473345292248
21.4;1;0.476472408125
21.6;1;0.479522315235
21.8;1;0.482496919871
22.0;1;0.485398081256
22.2;1;0.488227612711
22.4;1;0.490987282786
22.6;1;0.493678816364
22.8;1;0.496303895742
23.0;1;0.498864161678
23.2;1;0.501361214423
23.4;1;0.503796614717
23.6;1;0.506171884762
23.8;1;0.508488509182
24.0;1;0.510747935941
24.2;1;0.512951577254
24.4;1;0.515100810469
24.6;1;0.517196978928
24.8;1;0.519241392802
25.0;1;0.521235329918
25.2;1;0.523180036552
25.4;1;0.525076728207
25.6;1;0.526926590379
25.8;1;0.528730779291
26.0;1;0.53049042262
26.2;1;0.5322066202
26.4;1;0.533880444711
26.6;1;0.535512942348
26.8;1;0.537105133475
27.0;1;0.538658013262
27.2;1;0.540172552311
27.4;1;0.541649697258
27.6;1;0.543090371365
27.8;1;0.544495475103
28.0;1;0.545865886705
28.2;1;0.547202462725
28.4;1;0.548506038565
28.6;1;0.549777429003
28.8;1;0.551017428699
29.0;1;0.552226812693
29.2;1;0.553406336891
29.4;1;0.554556738532
29.6;1;0.555678736655
29.8;1;0.556773032546
30.0;1;0.557840310175
30.2;1;0.558881236626
30.4;1;0.559896462511
30.6;1;0.560886622379
30.8;1;0.561852335114
31.0;1;0.562794204316
31.2;1;0.563712818684
31.4;1;0.564608752383
31.6;1;0.5654825654
31.8;1;0.566334803897
32.0;1;0.56716600055
32.2;1;0.567976674885
32.4;1;0.5687673336
32.6;1;0.569538470881
32.8;1;0.570290568714
33.0;1;0.571024097186
33.2;1;0.571739514776
33.4;1;0.572437268642
33.6;1;0.573117794904
33.8;1;0.573781518913
34.0;1;0.574428855517
34.2;1;0.575060209324
34.4;1;0.57567597495
34.6;1;0.576276537268
34.8;1;0.57686227165
35.0;1;0.577433544198
35.2;1;0.577990711977
35.4;1;0.578534123235
35.6;1;0.579064117621
35.8;1;0.579581026398
36.0;1;0.580085172653
36.2;1;0.580576871492
36.4;1;0.581056430244
36.6;1;0.581524148647
36.8;1;0.581980319043
37.0;1;0.582425226551
37.2;1;0.582859149253
37.4;1;0.583282358366
37.6;1;0.583695118409
37.8;1;0.58409768737
38.0;1;0.584490316867
38.2;1;0.584873252308
38.4;1;0.58524673304
38.6;1;0.585610992499
38.8;1;0.58596625836
39.0;1;0.586312752675
39.2;1;0.586650692016
39.4;1;0.586980287604
39.6;1;0.587301745449
39.8;1;0.587615266471
40.0;1;0.587921046631
40.2;1;0.588219277052
40.4;1;0.588510144138
40.6;1;0.58879382969
40.8;1;0.589070511021
41.0;1;0.589340361065
41.2;1;0.589603548488
41.4;1;0.589860237791
41.6;1;0.590110589412
41.8;1;0.590354759829
42.0;1;0.590592901658
42.2;1;0.590825163743
42.4;1;0.591051691258
42.6;1;0.591272625788
42.8;1;0.591488105425
43.0;1;0.591698264851
43.2;1;0.591903235422
43.4;1;0.592103145251
43.6;1;0.59229811929
43.8;1;0.592488279402
44.0;1;0.592673744445
44.2;1;0.592854630339
44.4;1;0.593031050144
44.6;1;0.593203114129
44.8;1;0.593370929839
45.0;1;0.593534602165
45.2;1;0.593694233406
45.4;1;0.593849923338
45.6;1;0.594001769272
45.8;1;0.594149866116
46.0;1;0.594294306436
46.2;1;0.594435180512
46.4;1;0.594572576395
46.6;1;0.594706579961
46.8;1;0.594837274968
47.0;1;0.594964743103
47.2;1;0.595089064039
47.4;1;0.59521031548
47.6;1;0.595328573212
47.8;1;0.59544391115
48.0;1;0.595556401385
48.2;1;0.595666114225
48.4;1;0.595773118246
48.6;1;0.595877480329
48.8;1;0.595979265702
49.0;1;0.596078537986
49.2;1;0.596175359228
49.4;1;0.596269789945
49.6;1;0.596361889159
49.8;1;0.596451714436
50.0;1;0.596539321919
50.2;1;0.596624766365
50.4;1;0.59670810118
50.6;1;0.596789378452
50.8;1;0.59686864898
51.0;1;0.596945962312
51.2;1;0.597021366772
51.4;1;0.597094909488
51.6;1;0.597166636428
51.8;1;0.597236592424
52.0;1;0.5973048212
52.2;1;0.597371365402
52.4;1;0.597436266621
52.6;1;0.597499565424
52.8;1;0.597561301374
53.0;1;0.597621513057
53.2;1;0.597680238109
53.4;1;0.597737513234
53.6;1;0.597793374232
53.8;1;0.597847856016
54.0;1;0.59790099264
54.2;1;0.597952817317
54.4;1;0.598003362437
54.6;1;0.598052659594
54.8;1;0.5981007396
55.0;1;0.598147632507
55.2;1;0.598193367623
55.4;1;0.598237973535
55.6;1;0.598281478124
55.8;1;0.59832390858
56.0;1;0.598365291425
56.2;1;0.598405652523
56.4;1;0.598445017103
56.6;1;0.598483409767
56.8;1;0.598520854513
57.0;1;0.598557374746
57.2;1;0.59859299329
57.4;1;0.598627732409
57.6;1;0.598661613817
57.8;1;0.59869465869
58.0;1;0.598726887681
58.2;1;0.598758320937
58.4;1;0.598788978102
58.6;1;0.598818878339
58.8;1;0.598848040337
59.0;1;0.598876482322
59.2;1;0.598904222072
59.4;1;0.598931276926
59.6;1;0.598957663793
59.8;1;0.598983399165
60.0;1;0.599008499129
60.2;1;0.599032979373
60.4;1;0.599056855197
60.6;1;0.599080141526
60.8;1;0.599102852912
61.0;1;0.599125003553
61.2;1;0.599146607292
61.4;1;0.599167677633
61.6;1;0.599188227745
61.8;1;0.599208270474
62.0;1;0.599227818346
62.2;1;0.599246883578
62.4;1;0.599265478089
62.6;1;0.5992836135
62.8;1;0.599301301145
63.0;1;0.599318552082
63.2;1;0.599335377091
63.4;1;0.599351786689
63.6;1;0.599367791133
63.8;1;0.599383400425
64.0;1;0.599398624323
64.2;1;0.599413472341
64.4;1;0.599427953761
64.6;1;0.599442077633
64.8;1;0.599455852785
65.0;1;0.599469287828
65.2;1;0.599482391158
65.4;1;0.599495170966
65.6;1;0.599507635239
65.8;1;0.599519791768
66.0;1;0.599531648152
66.2;1;0.5995432118
66.4;1;0.599554489941
66.6;1;0.599565489623
66.8;1;0.599576217723
67.0;1;0.599586680945
67.2;1;0.599596885828
67.4;1;0.599606838753
67.6;1;0.599616545939
67.8;1;0.599626013453
68.0;1;0.599635247214
68.2;1;0.599644252992
68.4;1;0.599653036417
68.6;1;0.599661602978
68.8;1;0.599669958031
69.0;1;0.599678106796
69.2;1;0.599686054367
69.4;1;0.599693805713
69.6;1;0.599701365677
69.8;1;0.599708738984
70.0;1;0.599715930244
70.2;1;0.599722943952
70.4;1;0.59972978449
70.6;1;0.599736456135
70.8;1;0.599742963056
71.0;1;0.599749309321
71.2;1;0.599755498896
71.4;1;0.599761535649
71.6;1;0.599767423355
71.8;1;0.599773165693
72.0;1;0.599778766252
72.2;1;0.599784228533
72.4;1;0.599789555949
72.6;1;0.599794751831
72.8;1;0.599799819427
73.0;1;0.599804761903
73.2;1;0.599809582348
73.4;1;0.599814283777
73.6;1;0.599818869127
73.8;1;0.599823341264
74.0;1;0.599827702984
74.2;1;0.599831957012
74.4;1;0.599836106008
74.6;1;0.599840152565
74.8;1;0.599844099213
75.0;1;0.599847948417
75.2;1;0.599851702584
75.4;1;0.59985536406
75.6;1;0.599858935134
75.8;1;0.599862418038
76.0;1;0.599865814949
76.2;1;0.59986912799
76.4;1;0.599872359231
76.6;1;0.599875510693
76.8;1;0.599878584345
77.0;1;0.599881582108
77.2;1;0.599884505856
77.4;1;0.599887357417
77.6;1;0.599890138572
77.8;1;0.59989285106
78.0;1;0.599895496577
78.2;1;0.599898076776
78.4;1;0.599900593269
78.6;1;0.59990304763
78.8;1;0.599905441393
79.0;1;0.599907776053
79.2;1;0.59991005307
79.4;1;0.599912273868
79.6;1;0.599914439834
79.8;1;0.599916552322
80.0;1;0.599918612652
